,,,,,,
#,Cat-1: Prohibited,,,,,
Rule,L1,L2,Func,MIN,MAX,IP62 Rule Name
WN.Z1,WN(R),AP,Prohibit,,,
WN.Z2,WN(C),AP,Prohibit,,,
WN.Z3,WN(C),AR,Prohibit,,,
CO.Z1,CO,AA+GC+GR,Require,,,
CO.Z3,CO,M1,Require,,,
V1.Z1,V1,M1,Require,,,
V1.Z2,V1,M2,Require,,,
PO.Z1,PO,M1,Require,,,
PO.Z2,PO,M2,Require,,,
PO.Z3,PO,V1(P),Contain,,,
#,Cat-2:  WN-AC/AR related,,,,,
Rule,L1,L2,Func,MIN,MAX,IP62 Rule Name
WN.W1,WN,,Wmin,8.0,,ER0001
WN.S1,WN,WN,Smin,4.0,,ER0025
WN.N1,WN,WN,Nmin,7.0,,
WN.S2,WN(R),WN(M),Smin,9.5,,ER0111
WN.S3,WN(C),WN(M),Smin,12.0,,ER0130
WN.S4,WN(R),WN(C),Smin,9.5,,ER0132
WN.S5,WN(R),WN(R),Smin,8.0,,ER0122
WN.S6,WN(C),WN(C),Smin,12.0,,ER0129
WN.S7,WN(M),WN(M),Smin,12.0,,ER0104
WN.AP,WN,AP,Smin,5.0,,ERWLMN01
WN.AN,WN,AN,Smin,10.0,,ERWLMN03
AR.S1,AR ,AR,Smin,4.0,,ERWLRR03
AR.WR,AR,WN(R),Emin,10.0,,ERWLRR02
AN.WR,AN,WN(R),Emin,10.0,,ERWLRR01
AR.AN,AR,AN,Smin,4.0,,ERWLRR04
AC.W1,AC,,Rect,28.5,120.0,Table I-2-1
AC.S1,AC,AC,Smin,6.4,,
AC.WC,AC,WN(C),Emin,8.0,,
AN.WC,AN,WN(C),Emin,3.0,,ERCSIO04
AC.AN,AC,AN,Sfix,2.8,2.8,ERCSIO11
AC.GC,AC,GC,Efix,1.4,1.4,ERCSIO13
AC.R1,AC,AN(C),Donut,0.0,,
GA.CX,GA(CX),WN(C),Smin,1.5,,
#,Cat-3: AP/AN/DP/DN related,,,,,
Rule,L1,L2,Func,MIN,MAX,IP62 Rule Name
AP.W1,AP,,Wmin,1.4,,ER0004
AP.S1,AP,AP,Smin,1.4,,ER0028
AP.AN,AP,AN,Smin,2.8,,ERWLMP04
AP.WM,PMOS,AP-GC,Wmin/max,3.4,60.0,Table I-2-1
AP.LM,PMOS,GC-AP,Lmin/max,1.0,30.0,Table I-2-1
AP.WN,AP,WN,Emin,7.0,,ERWLMP02
DP.W1,DP,,Wmin,3.6,,
DP.S1,DP,DP,Smin,1.4,,=AP.S1
DP.AP,DP,AP(M),Smin,2.8,,ERWLMP08
DP.AN,DP,AN,Smin,2.8,,ERWLMP09
AN.W1,AN,,Wmin,1.4,,ER0004
AN.S1,AN,AN,Smin,1.4,,ER0028
AN.AP,AN,AP,Smin,2.8,,ERWLMN05
AN.WM,NMOS,AN-GC,Wmin/max,3.4,60.0,Table I-2-1
AN.LM,NMOS,GC-AN,Lmin/max,1.0,30.0,Table I-2-1
AN.WN,AN,WN(M),Emin,5.0,,ERWLMP03
DN.W1,DN,,Wmin,3.6,,
DN.S1,DN,DN,Smin,1.4,,=AN.S1
DN.AP,DN,AP,Smin,2.8,,ERWLMN10
DN.AN,DN,AN(M),Smin,2.8,,ERWLMN11
#,Cat-4: GC/CO related,,,,,
Rule,L1,L2,Func,MIN,MAX,IP62 Rule Name
GC.W1,GC,,Wmin,1.0,,ER0014
GC.S1,GC,GC,Smin,1.2,,ER0038
GC.GR,GC,GR,Smin,1.2,,ER0038
GA.AP,GA,AP,Smin,0.4,,ERWLMP07
GA.AN,GA,AN,Smin,0.4,,ERWLMN09
GC.EP,AP,GC,Emin,1.2,,ER0902/ERMP06/ERMPE02
GC.EN,AN,GC,Emin,1.2,,ER0902/ERMN06/ERMNE02
GC.E2,AM,GC,ECmin,2.4,,ER0901
GA.BG,GA,BG,Prohibit,,,ER0419
GA.CO,GA,CO,Contain,,,ER0704
CO.W1,CO,,Rect,1.0,97.0,ER0020
CO.WM,CO(M),,Wfix,1.0,1.0,ER0020
CO.WB,CO(B),,Wfix,1.0,1.0,
CO.S1,CO,CO,Smin,1.0,,ER0044
CO.CL,CO(L),CO,Smin,1.6,,ER1303
CO.SM,CO(M),CO(M),Sfix,1.0,1.0,ERMP08/ERMN09
CO.WD,CO(D),,Wfix,1.2,1.2,ERDP05/ERDN05
CO.SD,CO(D),CO,Smin,1.2,,
CO.AD,CO(D),AP+AN,Emin,1.2,,ERDP24/ERDN23
CO.AP,CO,AP,Emin,0.8,,ERMP10
CO.AN,CO,AN,Emin,0.8,,ERMN11
CL.GC,CO(L),GC+GR,Prohibit,,,
CO.GG,CO(M),GC,Sfix,1.0,1.0,ERMP12/ERMN12
CO.GC,CO,GC+GR,Emin,0.8,,ER0050
#,Cat-5: AC/AR/GR related,,,,,
Rule,L1,L2,Func,MIN,MAX,IP62 Rule Name
AR.W1,RR,RR(W),Wmin/max,2.8,20.0,Table I-2-1
AR.L1,RR,RR(L),Lmin/max,13.0,100.0,Table I-2-1
RR.SZ,RR,RROK,Contain,,,Valid width
RR.RT,RR,,Rect,,,
AR.GC,AR,GC,Sfix,1.0,,ERRR15
AR.PW,GC(R),,Wmin,2.0,,ERRR06
AR.XY,AR,Bevel,XYmin,1.0,,
GC.AN,GC(R),AN,Smin,???,???,
GC.R1,AR,GC(R),Donut,0.0,,
GC.R2,GC(R),WN(R),TieDown,0.0,,ERRR37
GC.R3,GC(RR),CO,Prohibit,,,ERRR36
GR.W1,RS,RS(W),Wmin/max,4.0,20.0,Table I-2-1
GR.L1,RS,RS(L),Lmin/max,20.0,100.0,Table I-2-1
RS.SZ,RS,RSOK,Require,,,Valid width
RS.RT,RS,,Rect,,,
GR.S1,RS,RS,Smin,2.0,,ERRS04
GR.AP,GR,AP,Smin,2.8,,Avoid MDP implant Errors
GR.AN,GR,AN,Smin,2.8,,Avoid MDP implant Errors
CR.W1,CO(RR),,Wmin,1.0,,ERRR10
CR.W2,CO(RRW),,Lmin/max,1.6,17.6,CO(L)
CR.W3,CO(RRN),,Wfix,1.0,1.0,ERRR11
CR.AR,CO(RR),AR,Emin,0.8,,ERRR14
CR.AT,CO(RR),AR(T),Emin,1.5,,ERRR08
CR.ASN,CO(RRN),ARN(S),Efix,0.9,,ERRR14
CR.ASW,CO(RRW),ARW(S),Efix,1.2,,ERRR13
CC.W1,CO(C),,Wfix,1.2,1.2,ERCSIO01
CC.S1,CO(C),CO(C),SFIX,1.2,1.2,ERCSIO14
CO.SC,CO(C),CO,Smin,1.2,,
CC.AC,CO(C),AC,Emin,2.9,,ERCSIO03
CC.AN,CO(C),AN,Emin,1.2,,ERCSIO02
CS.S1,CO(RS),CO(RS),SFIX,1.0,1.0,
CO.GR,CO,GR,Emin,0.8,,
CO.GS,CO(RSM),GR(S),Efix,1.5,1.5,
CO.RT,CO(RSM),,Rect,,,
#,Cat-6: BEOL related,,,,,
Rule,L1,L2,Func,MIN,MAX,IP62 Rule Name
M1.W1,M1,,Wmin,1.8,,ER0021
M1.W2,M1(W),,WMIN,10.0,,ER0021
M1.W3,M1(I),,Wmax,,45.0,ER1903
M1.S1,M1,M1,Smin,1.4,,ER0045
M1.SC,ANC,M1C,Smin/Smax,10.0,10.0,ERCSIO06
M1.CO,M1,CO,Fmin,0.8,,ER0051
M1.CC,M1,CO(CC),Fmin,1.3,,ERCSIO05
M1.CL,M1,CO(L),Fmin,1.2,,ER1305
M1.SW,M1(W),M1,Smin,2.0,,ER1402
V1.W1,V1(S),,Wfix,1.4,1.4,ER0022
V1.WP,V1(P),,Wmin,60.0,,
V1.S1,V1,V1,Smin,1.5,,ER0046
V1.M1,V1,M1,Emin,1.0,,ER0052
V1.GA,V1,GA,Smin,1.2,,ER1508/ER1514
V1.CO,V1,CO,Smin,1.0,,ER1506
V1.CL,V1,CO(L),Smin,1.4,,ER1507
M2.W1,M2,,Wmin,3.0,,ER0023
M2.W3,M2(I),,Wmax,,45.0,ER1904
M2.S1,M2,M2,Smin,2.0,,ER0047
M2.V1,M2,V1,Fmin,1.0,,ER0053
M1.SCR,M1(S),M1,Smin,5.0,,ER1901
M2.SCR,M2(S),M2,Smin,5.0,,ER1902
#,Cat-7: ESD related,,,,,
Rule,L1,L2,Func,MIN,MAX,IP62 Rule Name
APE.WM,PMOSE,APE-GC,Wmin/max,11.0,60.0,Table I-2-1
APE.LM,PMOSE,GC-APE,Lmin/max,2.0,30.0,Table I-2-1
APE.AN,APE,AN,Smin,10.0,,ERWLMPE15
APE.XY,APE,Bevel,XYmin,1.4,,ERMPE06
APE.CO,APE,CO,Smin,2.0,,ERWLMPE16
ANE.WM,NMOSE,ANE-GC,Wmin/max,11.0,60.0,Table I-2-1
ANE.LM,NMOSE,GC-ANE,Lmin/max,2.0,30.0,Table I-2-1
ANE.AP,ANE,AP,Smin,10.0,,ERWLMN14
ANE.XY,ANE,Bevel,XYmin,1.4,,ERMNE15
ANE.CO,ANE,CO,Smin,2.0,,ERWLMN15
COE.W1,CO(E) ,,Wfix,3.0,3.0,ERMPE12/ERMNE13
COE.S1,CO(E) ,CO,Smin,1.6,,ERMPE13/ERMNE15
COE.SE,CO(E) ,CO(E),Sfix,1.6,1.6,
CDE.GC,CD(E),GC,Sfix,7.0,,ERMPE04/ERMNE08
CSE.GC,CS(E),GC,Sfix,3.0,,ERMPE03/ERMNE09
COE.AP,CO(E) ,AP,Emin,2.5,,ERMPE31
COE.AN,CO(E) ,AN,Emin,2.5,,ERMNE32
COE.APT,CO(E) ,AP(T),Emin,4.0,,ERMPE05
COE.ANT,CO(E) ,AN(T),Emin,4.0,,ERMNE10
#,Cat-8: PAD related,,,,,
Rule,L1,L2,Func,MIN,MAX,IP62 Rule Name
PO.W1,PO,,Rect,10.0,,ER0024
PO.S1,PO,PO,Smin,20.0,,ER0048
PP.W1,PP,,Wmin,70.0,,ER1809
PP.S1,PP,PP,Smin,64.0,,ER1810
M1.PO,M1,PO,Fmin,5.0,,ER1703
M2.PO,M2,PO,Fmin,5.0,,ER1704
M1.V1P,M1,V1(P),Fmin,15.0,,ER1811
M2.V1P,M2,V1(P),Fmin,15.0,,ER1812
M1P.AA,M1(P),AA,Smin,14.0,,ER1808
M2P.AA,M2(P),AA,Smin,14.0,,ER1808
M1P.GA,M1(P),GA,Smin,14.0,,ER1807
M2P.GA,M2(P),GA,Smin,14.0,,ER1807
M1P.M1,M1(P),M1,Smin,14.0,,ER1801
M2P.M2,M2(P),M2,Smin,14.0,,ER1802
M1P.PE,M1(P),M1,Ext,14.0,40.0,ER1804
M2P.PE,M2(P),M2,Ext,14.0,40.0,ER1803
M2.PW,M2,,EXTW,40.0,,ER1803
M1.PW,M2,,EXTW,40.0,,ER1804
#,Cat-9: Electrical / Optional,,,,,
Rule,L1,L2,Func,MIN,MAX,IP62 Rule Name
GC.ANT,GC,,ANTE,0.0,,